{"cameraMode":{"drawMode":0,"name":"Shaded","section":"Shading Mode"},"sceneLighting":false,"audioPlay":false,"sceneViewState":{"m_AlwaysRefresh":false,"showFog":true,"showSkybox":false,"showFlares":true,"showImageEffects":true,"showParticleSystems":true,"showVisualEffectGraphs":true,"m_FxEnabled":true},"in2DMode":false,"pivot":{"x":1.5516432523727418,"y":32.2400016784668,"z":-17.700000762939454},"rotation":{"x":0.3609701693058014,"y":-0.00975941214710474,"z":0.003994639031589031,"w":0.9325730204582214},"size":3.8405728340148927,"orthographic":false}